alter table TEMPMOVIE add RELEASE_DATE DATE;
ALTER TABLE FESTIVAL ADD LOGO VARCHAR2(250);
ALTER TABLE FESTIVAL ADD LINK VARCHAR2(250);
ALTER TABLE AUTOSETTER ADD CHECK_STATUS VARCHAR2(50);
ALTER TABLE AUTOSETTER ADD NAME_DES VARCHAR2(250);
ALTER TABLE CINEMAROOM ADD ROOMDOOR VARCHAR2(500);
ALTER TABLE CINEMAROOM ADD OTHERINFO VARCHAR2(800);
ALTER TABLE AUTOSETTER ADD CHECK_USER NUMBER(19,0);

ALTER TABLE CINEMAPROFILE ADD OPENDAY NUMBER(4);
ALTER TABLE CINEMAPROFILE ADD OPENDAYTIME VARCHAR2(25);

--2013-07-23

ALTER TABLE SPECIALDISCOUNT ADD CARDNUM_UNIQUE VARCHAR2(50);
ALTER TABLE SPECIALDISCOUNT ADD CARDNUM_PERIOD_INTVEL NUMBER(6);
ALTER TABLE SPECIALDISCOUNT ADD CARDNUM_PERIOD_SPAN NUMBER(6);
ALTER TABLE SPECIALDISCOUNT ADD CARDNUM_LIMIT_NUM NUMBER(4);
ALTER TABLE SPECIALDISCOUNT ADD CARDBIN_UKEY VARCHAR2(30);

--2013-07-25
ALTER TABLE GOODSGIFT ADD EVERYDAY_LIMIT NUMBER(4);
ALTER TABLE GOODSGIFT ADD START_TIME VARCHAR2(6);
ALTER TABLE GOODSGIFT ADD END_TIME VARCHAR2(6);

--2013-08-08
ALTER TABLE AUTOSETTER ADD LIMIT_SCRIPT VARCHAR2(400);
ALTER TABLE AUTOSETTER ADD PRICE_SCRIPT VARCHAR2(400);

--2013-09-06
ALTER TABLE GEWA_CITY ADD SERVICE_TYPE VARCHAR2(20);
--2013-10-19
ALTER TABLE CINEMA ADD CONTACT_TELEPHONE VARCHAR2(900);
ALTER TABLE CINEMA ADD SUBWAY_TRANSPORT VARCHAR2(1000);
ALTER TABLE CINEMA ADD MOBILE_PHONE VARCHAR2(100);
ALTER TABLE LINE2STATION ADD OTHERINFO VARCHAR2(900);
--2013-10-25
ALTER TABLE CINEMAPROFILE ADD TAKE_ADDRESS VARCHAR2(200);
ALTER TABLE MOVIE_TIERPRICE ADD EDITION_JUMU NUMBER(6);
ALTER TABLE MOVIE_TIERPRICE ADD EDITION_IMAX NUMBER(6);
ALTER TABLE MOVIE_TIERPRICE ADD RANGE_EDITION_3D NUMBER(6);
ALTER TABLE MOVIE_TIERPRICE ADD RANGE_PRICE NUMBER(6);
ALTER TABLE MOVIE_TIERPRICE ADD RANGE_EDITION_JUMU NUMBER(6);
ALTER TABLE MOVIE_TIERPRICE ADD RANGE_EDITION_IMAX NUMBER(6);
ALTER TABLE MOVIE_TIERPRICE ADD STARTTIME TIMESTAMP(6);
ALTER TABLE MOVIE_TIERPRICE ADD ENDTIME TIMESTAMP(6);
ALTER TABLE MOVIEPRICE ADD EDITION_JUMU NUMBER(6);
ALTER TABLE MOVIEPRICE ADD EDITION_IMAX NUMBER(6);
ALTER TABLE MOVIEPRICE ADD RANGE_EDITION_3D NUMBER(6);
ALTER TABLE MOVIEPRICE ADD RANGE_PRICE NUMBER(6);
ALTER TABLE MOVIEPRICE ADD RANGE_EDITION_JUMU NUMBER(6);
ALTER TABLE MOVIEPRICE ADD RANGE_EDITION_IMAX NUMBER(6);
ALTER TABLE MOVIEPRICE ADD STARTTIME TIMESTAMP(6);
ALTER TABLE MOVIEPRICE ADD ENDTIME TIMESTAMP(6);
ALTER TABLE SPORT_SPORTITEM ADD PROMPTING VARCHAR2(500);
ALTER TABLE CINEMAROOM ADD DEFAULT_EDITION VARCHAR2(200);
--2013-10-30 苏州市地铁信息插入
INSERT INTO SUBWAYSTATION(RECORDID,STATIONNAME,CITYCODE) values(7703033,'木渎','320500');
INSERT INTO SUBWAYSTATION(RECORDID,STATIONNAME,CITYCODE) values(7703034,'金枫路','320500');
INSERT INTO SUBWAYSTATION(RECORDID,STATIONNAME,CITYCODE) values(7703035,'汾湖路','320500');
INSERT INTO SUBWAYSTATION(RECORDID,STATIONNAME,CITYCODE) values(7703036,'玉山路','320500');
INSERT INTO SUBWAYSTATION(RECORDID,STATIONNAME,CITYCODE) values(7703037,'苏州乐园','320500');
INSERT INTO SUBWAYSTATION(RECORDID,STATIONNAME,CITYCODE) values(7703038,'塔园路','320500');
INSERT INTO SUBWAYSTATION(RECORDID,STATIONNAME,CITYCODE) values(7703039,'滨河路','320500');
INSERT INTO SUBWAYSTATION(RECORDID,STATIONNAME,CITYCODE) values(7703040,'西环路','320500');
INSERT INTO SUBWAYSTATION(RECORDID,STATIONNAME,CITYCODE) values(7703041,'桐泾北路','320500');
INSERT INTO SUBWAYSTATION(RECORDID,STATIONNAME,CITYCODE) values(7703042,'广济南路','320500');
INSERT INTO SUBWAYSTATION(RECORDID,STATIONNAME,CITYCODE) values(7703043,'养育巷','320500');
INSERT INTO SUBWAYSTATION(RECORDID,STATIONNAME,CITYCODE) values(7703044,'乐桥','320500');
INSERT INTO SUBWAYSTATION(RECORDID,STATIONNAME,CITYCODE) values(7703045,'临顿路','320500');
INSERT INTO SUBWAYSTATION(RECORDID,STATIONNAME,CITYCODE) values(7703046,'相门','320500');
INSERT INTO SUBWAYSTATION(RECORDID,STATIONNAME,CITYCODE) values(7703047,'东环路','320500');
INSERT INTO SUBWAYSTATION(RECORDID,STATIONNAME,CITYCODE) values(7703048,'中央公园','320500');
INSERT INTO SUBWAYSTATION(RECORDID,STATIONNAME,CITYCODE) values(7703049,'星海广场','320500');
INSERT INTO SUBWAYSTATION(RECORDID,STATIONNAME,CITYCODE) values(7703050,'东方之门','320500');
INSERT INTO SUBWAYSTATION(RECORDID,STATIONNAME,CITYCODE) values(7703051,'文化博览中心','320500');
INSERT INTO SUBWAYSTATION(RECORDID,STATIONNAME,CITYCODE) values(7703052,'时代广场','320500');
INSERT INTO SUBWAYSTATION(RECORDID,STATIONNAME,CITYCODE) values(7703053,'星湖街','320500');
INSERT INTO SUBWAYSTATION(RECORDID,STATIONNAME,CITYCODE) values(7703054,'南施街','320500');
INSERT INTO SUBWAYSTATION(RECORDID,STATIONNAME,CITYCODE) values(7703055,'星塘街','320500');
INSERT INTO SUBWAYSTATION(RECORDID,STATIONNAME,CITYCODE) values(7703056,'钟南街','320500');
INSERT INTO SUBWAYLINE(RECORDID,LINENAME,CITYCODE,REMARK) values(7702787,'1号线','320500','木渎-钟南街');
INSERT INTO LINE2STATION(RECORDID,SID,LID,STATIONORDER) values(32368537,7703033,7702787,1);
INSERT INTO LINE2STATION(RECORDID,SID,LID,STATIONORDER) values(32368538,7703034,7702787,2);
INSERT INTO LINE2STATION(RECORDID,SID,LID,STATIONORDER) values(32368539,7703035,7702787,3);
INSERT INTO LINE2STATION(RECORDID,SID,LID,STATIONORDER) values(32368540,7703036,7702787,4);
INSERT INTO LINE2STATION(RECORDID,SID,LID,STATIONORDER) values(32368541,7703037,7702787,5);
INSERT INTO LINE2STATION(RECORDID,SID,LID,STATIONORDER) values(32368542,7703038,7702787,6);
INSERT INTO LINE2STATION(RECORDID,SID,LID,STATIONORDER) values(32368543,7703039,7702787,7);
INSERT INTO LINE2STATION(RECORDID,SID,LID,STATIONORDER) values(32368544,7703040,7702787,8);
INSERT INTO LINE2STATION(RECORDID,SID,LID,STATIONORDER) values(32368545,7703041,7702787,9);
INSERT INTO LINE2STATION(RECORDID,SID,LID,STATIONORDER) values(32368546,7703042,7702787,10);
INSERT INTO LINE2STATION(RECORDID,SID,LID,STATIONORDER) values(32368547,7703043,7702787,11);
INSERT INTO LINE2STATION(RECORDID,SID,LID,STATIONORDER) values(32368548,7703044,7702787,12);
INSERT INTO LINE2STATION(RECORDID,SID,LID,STATIONORDER) values(32368549,7703045,7702787,13);
INSERT INTO LINE2STATION(RECORDID,SID,LID,STATIONORDER) values(32368550,7703046,7702787,14);
INSERT INTO LINE2STATION(RECORDID,SID,LID,STATIONORDER) values(32368551,7703047,7702787,15);
INSERT INTO LINE2STATION(RECORDID,SID,LID,STATIONORDER) values(32368552,7703048,7702787,16);
INSERT INTO LINE2STATION(RECORDID,SID,LID,STATIONORDER) values(32368553,7703049,7702787,17);
INSERT INTO LINE2STATION(RECORDID,SID,LID,STATIONORDER) values(32368554,7703050,7702787,18);
INSERT INTO LINE2STATION(RECORDID,SID,LID,STATIONORDER) values(32368555,7703051,7702787,19);
INSERT INTO LINE2STATION(RECORDID,SID,LID,STATIONORDER) values(32368556,7703052,7702787,20);
INSERT INTO LINE2STATION(RECORDID,SID,LID,STATIONORDER) values(32368557,7703053,7702787,21);
INSERT INTO LINE2STATION(RECORDID,SID,LID,STATIONORDER) values(32368558,7703054,7702787,22);
INSERT INTO LINE2STATION(RECORDID,SID,LID,STATIONORDER) values(32368559,7703055,7702787,23);
INSERT INTO LINE2STATION(RECORDID,SID,LID,STATIONORDER) values(32368560,7703056,7702787,24);

--2013-11-19
ALTER TABLE VIDEO ADD ORDERNUM NUMBER(4);


--北京地铁8号信息完善
INSERT INTO SUBWAYSTATION(RECORDID,STATIONNAME,CITYCODE) values(836,'西小口','110000');
INSERT INTO SUBWAYSTATION(RECORDID,STATIONNAME,CITYCODE) values(837,'永泰庄','110000');
INSERT INTO SUBWAYSTATION(RECORDID,STATIONNAME,CITYCODE) values(838,'林萃桥','110000');
INSERT INTO SUBWAYSTATION(RECORDID,STATIONNAME,CITYCODE) values(839,'永安桥','110000');
INSERT INTO SUBWAYSTATION(RECORDID,STATIONNAME,CITYCODE) values(840,'鼓楼大街','110000');
update LINE2STATION set stationorder = 1 where recordid = 895;
update LINE2STATION set stationorder = 5 where recordid = 740;
update LINE2STATION set stationorder = 6 where recordid = 741;
update LINE2STATION set stationorder = 7 where recordid = 742;
update LINE2STATION set stationorder = 8 where recordid = 743;
update SUBWAYSTATION set citycode = '110000' where recordid = 835;
INSERT INTO LINE2STATION(RECORDID,SID,LID,STATIONORDER) values(896,836,23,2);
INSERT INTO LINE2STATION(RECORDID,SID,LID,STATIONORDER) values(897,837,23,3);
INSERT INTO LINE2STATION(RECORDID,SID,LID,STATIONORDER) values(898,838,23,4);
INSERT INTO LINE2STATION(RECORDID,SID,LID,STATIONORDER) values(898,839,23,9);
INSERT INTO LINE2STATION(RECORDID,SID,LID,STATIONORDER) values(898,840,23,10);
--北京地铁4号信息完善
INSERT INTO SUBWAYSTATION(RECORDID,STATIONNAME,CITYCODE) values(841,'高米店南','110000');
INSERT INTO LINE2STATION(RECORDID,SID,LID,STATIONORDER) values(717,841,21,25);
--北京地铁10号信息完善
INSERT INTO SUBWAYSTATION(RECORDID,STATIONNAME,CITYCODE) values(842,'角门东','110000');
INSERT INTO LINE2STATION(RECORDID,SID,LID,STATIONORDER) values(718,842,16,23);

INSERT INTO SUBWAYLINE(RECORDID,LINENAME,CITYCODE,REMARK) values(33,'6号线','110000','草房-海淀五路居');
INSERT INTO SUBWAYSTATION(RECORDID,STATIONNAME,CITYCODE) values(863,'草房','110000');
INSERT INTO SUBWAYSTATION(RECORDID,STATIONNAME,CITYCODE) values(843,'常营','110000');
INSERT INTO SUBWAYSTATION(RECORDID,STATIONNAME,CITYCODE) values(844,'黄渠','110000');
INSERT INTO SUBWAYSTATION(RECORDID,STATIONNAME,CITYCODE) values(845,'褡裢坡','110000');
INSERT INTO SUBWAYSTATION(RECORDID,STATIONNAME,CITYCODE) values(846,'青年路','110000');
INSERT INTO SUBWAYSTATION(RECORDID,STATIONNAME,CITYCODE) values(847,'十里堡','110000');
INSERT INTO SUBWAYSTATION(RECORDID,STATIONNAME,CITYCODE) values(848,'金台路','110000');
INSERT INTO SUBWAYSTATION(RECORDID,STATIONNAME,CITYCODE) values(849,'呼家楼','110000');
INSERT INTO SUBWAYSTATION(RECORDID,STATIONNAME,CITYCODE) values(850,'东大桥','110000');
INSERT INTO SUBWAYSTATION(RECORDID,STATIONNAME,CITYCODE) values(851,'朝阳门','110000');
INSERT INTO SUBWAYSTATION(RECORDID,STATIONNAME,CITYCODE) values(852,'东四','110000');
INSERT INTO SUBWAYSTATION(RECORDID,STATIONNAME,CITYCODE) values(853,'南锣鼓巷','110000');
INSERT INTO SUBWAYSTATION(RECORDID,STATIONNAME,CITYCODE) values(854,'北海北','110000');
INSERT INTO SUBWAYSTATION(RECORDID,STATIONNAME,CITYCODE) values(855,'平安里','110000');
INSERT INTO SUBWAYSTATION(RECORDID,STATIONNAME,CITYCODE) values(856,'车公庄','110000');
INSERT INTO SUBWAYSTATION(RECORDID,STATIONNAME,CITYCODE) values(857,'车公庄西','110000');
INSERT INTO SUBWAYSTATION(RECORDID,STATIONNAME,CITYCODE) values(858,'二里沟','110000');
INSERT INTO SUBWAYSTATION(RECORDID,STATIONNAME,CITYCODE) values(859,'白石桥南','110000');
INSERT INTO SUBWAYSTATION(RECORDID,STATIONNAME,CITYCODE) values(860,'花园桥','110000');
INSERT INTO SUBWAYSTATION(RECORDID,STATIONNAME,CITYCODE) values(861,'慈寿寺','110000');
INSERT INTO SUBWAYSTATION(RECORDID,STATIONNAME,CITYCODE) values(862,'海淀五路居','110000');
INSERT INTO LINE2STATION(RECORDID,SID,LID,STATIONORDER) values(32368604,863,33,1);
INSERT INTO LINE2STATION(RECORDID,SID,LID,STATIONORDER) values(32368605,843,33,2);
INSERT INTO LINE2STATION(RECORDID,SID,LID,STATIONORDER) values(32368606,844,33,3);
INSERT INTO LINE2STATION(RECORDID,SID,LID,STATIONORDER) values(32368607,845,33,4);
INSERT INTO LINE2STATION(RECORDID,SID,LID,STATIONORDER) values(32368608,846,33,5);
INSERT INTO LINE2STATION(RECORDID,SID,LID,STATIONORDER) values(32368609,847,33,6);
INSERT INTO LINE2STATION(RECORDID,SID,LID,STATIONORDER) values(32368610,848,33,7);
INSERT INTO LINE2STATION(RECORDID,SID,LID,STATIONORDER) values(32368611,849,33,8);
INSERT INTO LINE2STATION(RECORDID,SID,LID,STATIONORDER) values(32368612,850,33,9);
INSERT INTO LINE2STATION(RECORDID,SID,LID,STATIONORDER) values(32368613,851,33,10);
INSERT INTO LINE2STATION(RECORDID,SID,LID,STATIONORDER) values(32368614,852,33,11);
INSERT INTO LINE2STATION(RECORDID,SID,LID,STATIONORDER) values(32368615,853,33,12);
INSERT INTO LINE2STATION(RECORDID,SID,LID,STATIONORDER) values(32368616,854,33,13);
INSERT INTO LINE2STATION(RECORDID,SID,LID,STATIONORDER) values(32368617,855,33,14);
INSERT INTO LINE2STATION(RECORDID,SID,LID,STATIONORDER) values(32368618,856,33,15);
INSERT INTO LINE2STATION(RECORDID,SID,LID,STATIONORDER) values(32368619,857,33,16);
INSERT INTO LINE2STATION(RECORDID,SID,LID,STATIONORDER) values(32368620,858,33,17);
INSERT INTO LINE2STATION(RECORDID,SID,LID,STATIONORDER) values(32368621,859,33,18);
INSERT INTO LINE2STATION(RECORDID,SID,LID,STATIONORDER) values(32368622,860,33,19);
INSERT INTO LINE2STATION(RECORDID,SID,LID,STATIONORDER) values(32368623,861,33,20);
INSERT INTO LINE2STATION(RECORDID,SID,LID,STATIONORDER) values(32368624,862,33,21);

--2013-12-02
update ELECCARD_BATCH e set e.sold_type = 'P' where e.recordid not in (select v.BATCHID from VELECCARD v ) or  e.recordid in ( select v.BATCHID from VELECCARD v where v.possessor is null and v.BATCHID not in (select BATCHID  from VELECCARD where v.possessor is not null group by BATCHID)  group by v.BATCHID )
ALTER TABLE ELECCARD_BATCH ADD SOLD_TYPE VARCHAR2(5);
ALTER TABLE ELECCARD_BATCH ADD DELAY_DAYS NUMBER(4);
ALTER TABLE ELECCARD_BATCH ADD DELAY_USE_DAYS NUMBER(4);
ALTER TABLE ELECCARD_BATCH ADD DELAY_FEE NUMBER(4);


