--- 20131118 成都添加站点
INSERT INTO SUBWAYSTATION(RECORDID,STATIONNAME,CITYCODE) values(7703057,'升仙湖','510100');
INSERT INTO SUBWAYSTATION(RECORDID,STATIONNAME,CITYCODE) values(7703058,'火车北站','510100');
INSERT INTO SUBWAYSTATION(RECORDID,STATIONNAME,CITYCODE) values(7703059,'人民北路','510100');
INSERT INTO SUBWAYSTATION(RECORDID,STATIONNAME,CITYCODE) values(7703060,'文殊院','510100');
INSERT INTO SUBWAYSTATION(RECORDID,STATIONNAME,CITYCODE) values(7703061,'骡马市','510100');
INSERT INTO SUBWAYSTATION(RECORDID,STATIONNAME,CITYCODE) values(7703062,'天府广场','510100');
INSERT INTO SUBWAYSTATION(RECORDID,STATIONNAME,CITYCODE) values(7703063,'锦江宾馆','510100');
INSERT INTO SUBWAYSTATION(RECORDID,STATIONNAME,CITYCODE) values(7703064,'华西坝','510100');
INSERT INTO SUBWAYSTATION(RECORDID,STATIONNAME,CITYCODE) values(7703065,'省体育馆','510100');
INSERT INTO SUBWAYSTATION(RECORDID,STATIONNAME,CITYCODE) values(7703066,'倪家桥','510100');
INSERT INTO SUBWAYSTATION(RECORDID,STATIONNAME,CITYCODE) values(7703067,'桐梓林','510100');
INSERT INTO SUBWAYSTATION(RECORDID,STATIONNAME,CITYCODE) values(7703068,'火车南站','510100');
INSERT INTO SUBWAYSTATION(RECORDID,STATIONNAME,CITYCODE) values(7703069,'高新','510100');
INSERT INTO SUBWAYSTATION(RECORDID,STATIONNAME,CITYCODE) values(7703070,'金融城','510100');
INSERT INTO SUBWAYSTATION(RECORDID,STATIONNAME,CITYCODE) values(7703071,'孵化园','510100');
INSERT INTO SUBWAYSTATION(RECORDID,STATIONNAME,CITYCODE) values(7703072,'锦城广场','510100');
INSERT INTO SUBWAYSTATION(RECORDID,STATIONNAME,CITYCODE) values(7703073,'世纪城','510100');

INSERT INTO SUBWAYSTATION(RECORDID,STATIONNAME,CITYCODE) values(7703074,'犀浦','510100');
INSERT INTO SUBWAYSTATION(RECORDID,STATIONNAME,CITYCODE) values(7703075,'天河路','510100');
INSERT INTO SUBWAYSTATION(RECORDID,STATIONNAME,CITYCODE) values(7703076,'百草路','510100');
INSERT INTO SUBWAYSTATION(RECORDID,STATIONNAME,CITYCODE) values(7703077,'金周路','510100');
INSERT INTO SUBWAYSTATION(RECORDID,STATIONNAME,CITYCODE) values(7703078,'金科北路','510100');
INSERT INTO SUBWAYSTATION(RECORDID,STATIONNAME,CITYCODE) values(7703079,'迎宾大道','510100');
INSERT INTO SUBWAYSTATION(RECORDID,STATIONNAME,CITYCODE) values(7703080,'茶店子客运站','510100');
INSERT INTO SUBWAYSTATION(RECORDID,STATIONNAME,CITYCODE) values(7703081,'羊犀立交','510100');
INSERT INTO SUBWAYSTATION(RECORDID,STATIONNAME,CITYCODE) values(7703082,'一品天下','510100');
INSERT INTO SUBWAYSTATION(RECORDID,STATIONNAME,CITYCODE) values(7703083,'蜀汉路东','510100');
INSERT INTO SUBWAYSTATION(RECORDID,STATIONNAME,CITYCODE) values(7703084,'白果林','510100');
INSERT INTO SUBWAYSTATION(RECORDID,STATIONNAME,CITYCODE) values(7703085,'中医大省医院','510100');
INSERT INTO SUBWAYSTATION(RECORDID,STATIONNAME,CITYCODE) values(7703086,'通惠门','510100');
INSERT INTO SUBWAYSTATION(RECORDID,STATIONNAME,CITYCODE) values(7703087,'人民公园','510100');
INSERT INTO SUBWAYSTATION(RECORDID,STATIONNAME,CITYCODE) values(7703089,'春熙路','510100');
INSERT INTO SUBWAYSTATION(RECORDID,STATIONNAME,CITYCODE) values(7703090,'东门大桥','510100');
INSERT INTO SUBWAYSTATION(RECORDID,STATIONNAME,CITYCODE) values(7703091,'牛王庙','510100');
INSERT INTO SUBWAYSTATION(RECORDID,STATIONNAME,CITYCODE) values(7703092,'牛市口','510100');
INSERT INTO SUBWAYSTATION(RECORDID,STATIONNAME,CITYCODE) values(7703093,'东大路','510100');
INSERT INTO SUBWAYSTATION(RECORDID,STATIONNAME,CITYCODE) values(7703094,'塔子山公园','510100');
INSERT INTO SUBWAYSTATION(RECORDID,STATIONNAME,CITYCODE) values(7703095,'成都东客站','510100');
INSERT INTO SUBWAYSTATION(RECORDID,STATIONNAME,CITYCODE) values(7703096,'成渝立交','510100');
INSERT INTO SUBWAYSTATION(RECORDID,STATIONNAME,CITYCODE) values(7703097,'惠王陵','510100');
INSERT INTO SUBWAYSTATION(RECORDID,STATIONNAME,CITYCODE) values(7703098,'洪河','510100');
INSERT INTO SUBWAYSTATION(RECORDID,STATIONNAME,CITYCODE) values(7703099,'成都行政学院','510100');

INSERT INTO SUBWAYLINE(RECORDID,LINENAME,CITYCODE,REMARK) values(7702788,'1号线','510100','升仙湖-世纪城');
INSERT INTO SUBWAYLINE(RECORDID,LINENAME,CITYCODE,REMARK) values(7702789,'2号线','510100','犀浦-成都行政学院');

INSERT INTO LINE2STATION(RECORDID,SID,LID,STATIONORDER) values(32368561,7703074,7702789,1);
INSERT INTO LINE2STATION(RECORDID,SID,LID,STATIONORDER) values(32368562,7703075,7702789,2);
INSERT INTO LINE2STATION(RECORDID,SID,LID,STATIONORDER) values(32368563,7703076,7702789,3);
INSERT INTO LINE2STATION(RECORDID,SID,LID,STATIONORDER) values(32368564,7703077,7702789,4);
INSERT INTO LINE2STATION(RECORDID,SID,LID,STATIONORDER) values(32368565,7703078,7702789,5);
INSERT INTO LINE2STATION(RECORDID,SID,LID,STATIONORDER) values(32368566,7703079,7702789,6);
INSERT INTO LINE2STATION(RECORDID,SID,LID,STATIONORDER) values(32368567,7703080,7702789,7);
INSERT INTO LINE2STATION(RECORDID,SID,LID,STATIONORDER) values(32368568,7703081,7702789,8);
INSERT INTO LINE2STATION(RECORDID,SID,LID,STATIONORDER) values(32368569,7703082,7702789,9);
INSERT INTO LINE2STATION(RECORDID,SID,LID,STATIONORDER) values(32368570,7703083,7702789,10);
INSERT INTO LINE2STATION(RECORDID,SID,LID,STATIONORDER) values(32368571,7703084,7702789,11);
INSERT INTO LINE2STATION(RECORDID,SID,LID,STATIONORDER) values(32368572,7703085,7702789,12);
INSERT INTO LINE2STATION(RECORDID,SID,LID,STATIONORDER) values(32368573,7703086,7702789,13);
INSERT INTO LINE2STATION(RECORDID,SID,LID,STATIONORDER) values(32368574,7703087,7702789,14);
INSERT INTO LINE2STATION(RECORDID,SID,LID,STATIONORDER) values(32368575,7703062,7702789,15);
INSERT INTO LINE2STATION(RECORDID,SID,LID,STATIONORDER) values(32368576,7703089,7702789,16);
INSERT INTO LINE2STATION(RECORDID,SID,LID,STATIONORDER) values(32368577,7703090,7702789,17);
INSERT INTO LINE2STATION(RECORDID,SID,LID,STATIONORDER) values(32368578,7703091,7702789,18);
INSERT INTO LINE2STATION(RECORDID,SID,LID,STATIONORDER) values(32368579,7703092,7702789,19);
INSERT INTO LINE2STATION(RECORDID,SID,LID,STATIONORDER) values(32368580,7703093,7702789,20);
INSERT INTO LINE2STATION(RECORDID,SID,LID,STATIONORDER) values(32368581,7703094,7702789,21);
INSERT INTO LINE2STATION(RECORDID,SID,LID,STATIONORDER) values(32368582,7703095,7702789,22);
INSERT INTO LINE2STATION(RECORDID,SID,LID,STATIONORDER) values(32368583,7703096,7702789,23);
INSERT INTO LINE2STATION(RECORDID,SID,LID,STATIONORDER) values(32368584,7703097,7702789,24);
INSERT INTO LINE2STATION(RECORDID,SID,LID,STATIONORDER) values(32368585,7703098,7702789,25);
INSERT INTO LINE2STATION(RECORDID,SID,LID,STATIONORDER) values(32368586,7703099,7702789,26);

INSERT INTO LINE2STATION(RECORDID,SID,LID,STATIONORDER) values(32368587,7703057,7702788,1);
INSERT INTO LINE2STATION(RECORDID,SID,LID,STATIONORDER) values(32368588,7703058,7702788,2);
INSERT INTO LINE2STATION(RECORDID,SID,LID,STATIONORDER) values(32368589,7703059,7702788,3);
INSERT INTO LINE2STATION(RECORDID,SID,LID,STATIONORDER) values(32368590,7703060,7702788,4);
INSERT INTO LINE2STATION(RECORDID,SID,LID,STATIONORDER) values(32368591,7703061,7702788,5);
INSERT INTO LINE2STATION(RECORDID,SID,LID,STATIONORDER) values(32368592,7703062,7702788,6);
INSERT INTO LINE2STATION(RECORDID,SID,LID,STATIONORDER) values(32368593,7703063,7702788,7);
INSERT INTO LINE2STATION(RECORDID,SID,LID,STATIONORDER) values(32368594,7703064,7702788,8);
INSERT INTO LINE2STATION(RECORDID,SID,LID,STATIONORDER) values(32368595,7703065,7702788,9);
INSERT INTO LINE2STATION(RECORDID,SID,LID,STATIONORDER) values(32368596,7703066,7702788,10);
INSERT INTO LINE2STATION(RECORDID,SID,LID,STATIONORDER) values(32368597,7703067,7702788,11);
INSERT INTO LINE2STATION(RECORDID,SID,LID,STATIONORDER) values(32368598,7703068,7702788,12);
INSERT INTO LINE2STATION(RECORDID,SID,LID,STATIONORDER) values(32368599,7703069,7702788,13);
INSERT INTO LINE2STATION(RECORDID,SID,LID,STATIONORDER) values(32368600,7703070,7702788,14);
INSERT INTO LINE2STATION(RECORDID,SID,LID,STATIONORDER) values(32368601,7703071,7702788,15);
INSERT INTO LINE2STATION(RECORDID,SID,LID,STATIONORDER) values(32368602,7703072,7702788,16);
INSERT INTO LINE2STATION(RECORDID,SID,LID,STATIONORDER) values(32368603,7703073,7702788,17);

--- 20131031 winnerinfo 添加ip字段
alter table winnerinfo add ip varchar2(30);

--- 20131030 gewaconfig 添加光棍节 特价活动ID
insert into gewaconfig values (1111, 'CFG_CUSTOM_PAPER', sysdate, '');

--- 20130915 gewaconfig 
insert into gewaconfig values (876, 'CFG_CUSTOM_PAPER', sysdate, '');

--- 20130814 gewacity添加百度坐标
alter table webdata.gewa_city add bpointx varchar(200);
alter table webdata.gewa_city add bpointy varchar(200);

--- 20130726 表OPEN_TIMEITEM增加列settleid结算比率id
alter table webdata.open_timeitem add settleid number(19);
alter table webdata.open_timeitem add upsetprice number(10);
update webdata.open_timeitem set upsetprice = 0;
update open_timeitem set settleid = (select recordid from settle_config where discount=100 and distype='percent') where settleid is null;



--- 20130722 表HEADINFO增加列track追踪图片
alter table webdata.headinfo add track VARCHAR2(200);
alter table webdata.advertising add track VARCHAR2(200);

--------------------------------------2013-07-10---------------------------------------------------------------------------------------------------------------------------
alter table webdata.open_timeitem add saleInd varchar2(19);
-----------------------------------------------------------------------------------------------------------------------------------------------------------------

--- 应电影节需求增加字段判断是否对格瓦拉开发或显示
alter table movielist add otherinfo varchar2(1000);

--- 培训课程增加点击数量
alter table goods add clickedtimes number(10);
update goods set clickedtimes = 1 where clickedtimes is null;
--- 新作机构 
alter table drama_to_star add numsort number(5);
alter table drama_star add tag varchar2(20);
update drama_star set tag = 'drama' where tag is null;



alter table drama_to_star add tag varchar2(20);
update drama_to_star set tag = 'drama' where tag is null;

alter table goods add fitcrowd varchar2(200);
alter table goods add timetype varchar2(50);
alter table goods add minquantity number(10);
alter table goods add seotitle varchar2(200);
alter table goods add seodescription varchar2(200);
alter table goods add minprice number(10);
alter table goods add maxprice number(10);

create table webdata.curriculum
(
	recordid number(19) not null,
	relatedid number(19) not null,
	fromdate date not null,
	todate date not null,
	classtime varchar2(10) not null,
	categoryids varchar2(100),
	title varchar2(200),
	remark varchar2(1000),
	cycletype varchar2(20)
);
alter table curriculum add constraint pk_curriculum primary key(recordid) using index tablespace tbs_index;
grant select, insert, update, delete on curriculum to shanghai;

create table webdata.agency_to_venue
(
	recordid number(19) not null,
	agencyid number(19) not null,
	venueid number(19) not null,
	agencytype varchar2(10) not null,
	numsort number(5) not null
);

alter table agency_to_venue add constraint pk_agencytovenue primary key(recordid) using index tablespace tbs_index;
grant select, insert, update, delete on agency_to_venue to shanghai;

create table webdata.agencyprofile
(	
	agencyid number(19) not null,
	notifymsg1 varchar2(200),
	notifymsg2 varchar2(200),
	mobiles varchar2(100),
	status varchar2(10)
);
alter table agencyprofile add constraint pk_agencyprofile primary key(agencyid) using index tablespace tbs_index;
grant select, insert, update on agencyprofile to shanghai;

create table webdata.agency
(	
	recordid number(19) not null,
	name varchar2(100) not null,
	status varchar2(10) not null,
	citycode varchar2(6) not null,
	briefname varchar2(100),
	remark varchar2(4000),
	logo varchar2(200),
	addtime timestamp,
	updatetime timestamp,
	hotvalue number(10),
	clickedtimes number(19),
	booking varchar2(10),
	otherinfo varchar2(4000),
	seotitle varchar2(200),
	seodescription varchar2(200),
	generalmark number(10),
	generalmarkedtimes number(10)
);
alter table agency add constraint pk_agency primary key(recordid) using index tablespace tbs_index;
grant select, insert, update on agency to shanghai;


--- 20130312 表drama修改dramatype值
update drama set dramatype='musicalplay' where dramatype in ('theaterart','opera','topera','childdrama','songdance');
--- 20130311 表OPEN_DRAMA_ITEM加个取票说明字段
alter table OPEN_DRAMA_ITEM add NOTIFYREMARK varchar2(200);

--- 20121225 表sharemember绑定微薄表添加个时间字段
alter table webdata.SHAREMEMBER add addtime TIMESTAMP;

--- 20121025 表order_refund运动过期订单处理成功的转为终结状态
update order_refund set status='finish' where  status='success' and orderstatus in ('paid_failure','paid_failure_unfix') and ordertype = 'sport' and to_char(expiretime, 'yyyy-mm-dd hh24:mi:ss')<'2012-12-05 00:00:00';

--- 20121025 表order_refund字段内容做修改
update webdata.order_refund r set r.status='accept' where r.status='prepare';
update webdata.order_refund r set r.status='reject' where r.status='cancel';
alter table webdata.order_refund add otherinfo varchar2(1000);


--- 20120715 表agenda(生活安排)增加字段otherinfo
alter table webdata.agenda add otherinfo varchar2(1000);
update webdata.agenda a set a.content = a.title;

--- 20120712 新手任务数据修复
UPDATE webdata.memberinfo set otherinfo = '{}' where otherinfo is null;
UPDATE webdata.memberinfo set otherinfo=REPLACE(otherinfo,'}',',"buyticket":"Y"}') where newtask like '%finished%' and otherinfo !='{}';
UPDATE webdata.memberinfo set otherinfo=REPLACE(otherinfo,'}','"buyticket":"Y"}') where newtask like '%finished%' and otherinfo ='{}';
UPDATE webdata.memberinfo set newtask ='headpic,buyticket,moviecomment,confirmreg,fivefriend,bindmobile' where newtask like '%finished%';
UPDATE webdata.memberinfo set otherinfo=REPLACE(otherinfo,'}',',"headpic":"Y"}') where newtask like '%headpic%' and otherinfo !='{}' and otherinfo not like '%headpic%';
UPDATE webdata.memberinfo set otherinfo=REPLACE(otherinfo,'}','"headpic":"Y"}') where newtask like '%headpic%' and otherinfo ='{}';
UPDATE webdata.memberinfo set otherinfo=REPLACE(otherinfo,'}',',"buyticket":"Y"}') where newtask like '%buyticket%' and otherinfo !='{}' and otherinfo not like '%buyticket%';
UPDATE webdata.memberinfo set otherinfo=REPLACE(otherinfo,'}','"buyticket":"Y"}') where newtask like '%buyticket%' and otherinfo ='{}';
UPDATE webdata.memberinfo set otherinfo=REPLACE(otherinfo,'}',',"moviecomment":"Y"}') where newtask like '%moviecomment%' and otherinfo !='{}' and otherinfo not like '%moviecomment%';
UPDATE webdata.memberinfo set otherinfo=REPLACE(otherinfo,'}','"moviecomment":"Y"}') where newtask like '%moviecomment%' and otherinfo ='{}';
UPDATE webdata.memberinfo set otherinfo=REPLACE(otherinfo,'}',',"fivefriend":"Y"}') where newtask like '%fivefriend%' and otherinfo !='{}' and otherinfo not like '%fivefriend%';
UPDATE webdata.memberinfo set otherinfo=REPLACE(otherinfo,'}','"fivefriend":"Y"}') where newtask like '%fivefriend%' and otherinfo ='{}';
UPDATE webdata.memberinfo set otherinfo=REPLACE(otherinfo,'}',',"bindmobile":"Y"}') where newtask like '%bindmobile%' and otherinfo !='{}' and otherinfo not like '%bindmobile%';
UPDATE webdata.memberinfo set otherinfo=REPLACE(otherinfo,'}','"bindmobile":"Y"}') where newtask like '%bindmobile%' and otherinfo ='{}';

--- 20120710 建表sharemember（绑定微博）
CREATE TABLE WEBDATA.sharemember
(	
	RECORDID NUMBER(19,0) NOT NULL ENABLE,
	MEMBERID NUMBER(19,0) ,
	LOGINNAME VARCHAR2(50) NOT NULL ENABLE,
	SOURCE VARCHAR2(20) NOT NULL ENABLE,
	OTHERINFO VARCHAR2(500),
	CONSTRAINT pk_sharemember PRIMARY KEY (RECORDID)
		USING INDEX (CREATE index webdata.idxpk_sharemember on webdata.sharemember(recordid) TABLESPACE tbs_index),
	CONSTRAINT UK_shareMEMBER2 UNIQUE (LOGINNAME, SOURCE)
		USING INDEX (CREATE INDEX webdata.idxUK_shareMEMBER2 on webdata.sharemember(LOGINNAME, SOURCE) TABLESPACE tbs_index)
)
TABLESPACE WEBDATA

--- 20120710 导数据
insert into webdata.sharemember(recordid,MEMBERID,LOGINNAME,SOURCE,otherinfo)
   select webdata.HIBERNATE_SEQUENCE.nextval as recordid,
          o.relateid as MEMBERID,
          o.LOGINNAME as LOGINNAME,
          o.SOURCE as SOURCE,
          o.otherinfo as otherinfo
   from webdata.openmember o 
   where o.relateid is not null and o.SOURCE in ('sina','qq')



--- 20120709 表refund增加列isSettled是否与影院结算(需要，不需要，其他)
alter table webdata.refund add isSettled varchar2(5);
update webdata.refund set isSettled='other' where type = 'ticket';

--- 20120705 表refund增加列type类型
alter table webdata.refund add type varchar2(10) ;
update webdata.refund set type='price';
alter table webdata.refund MODIFY type not null;

--- 20120705 表CinemaProfile增加列isRefund是否可以退票
alter table webdata.CinemaProfile add isRefund VARCHAR2(5);
update webdata.CinemaProfile set isRefund='N';

--- 20120522 表OPEN_PLAYITEM_EXT 列 actualprice(真实结算价默认改为0)
update open_playitem_ext o set o.actualprice  = 0;

--- 20120517 表OPEN_PLAYITEM_EXT添加一列actualprice(真实结算价)
alter table webdata.OPEN_PLAYITEM_EXT add actualprice number(5,0);
alter table webdata.OPEN_PLAYITEM_EXT modify actualprice not null;
update open_playitem_ext o set o.actualprice  = (select p.gewaprice from open_playitem p where p.mpid=o.mpid) where exists(select p.gewaprice from open_playitem p where p.mpid=o.mpid);

--- 20120509 表movie_tierprice,movieprice添加一列edition_3d
alter table webdata.movie_tierprice add edition_3d number(5,0) ;
alter table webdata.movieprice add edition_3d number(5,0) ;

--- 20110921 DRAMA话剧 增加4个字段 ACTORSTEXT主演文本 DIRECTORTEXT导演文本 TROUPECOMPANY出品剧社 TROUPECOMPANYTEXT出品剧社文本
alter table DRAMA add ACTORSTEXT VARCHAR2(200) ;
alter table DRAMA add DIRECTORTEXT VARCHAR2(100) ;
alter table DRAMA add TROUPECOMPANY VARCHAR2(200) ;
alter table DRAMA add TROUPECOMPANYTEXT VARCHAR2(200) ;

--- 20111009 COMMU圈子 增加1个字段 citycode城市
alter table commu add citycode VARCHAR2(10) ;
update commu set citycode='310000';

--- 20111018 SPORT运动 BOOKING字段 要么open要么close 不存在null
update sport set booking = 'close' where booking is null;

--- 20111019 MEMBERINFO fromcity字段 把null的改为310000
update memberinfo set fromcity = '310000' where fromcity is null;

--- 20111025 sportitem 增加1个字段 ordernum排序
alter table sportitem add ordernum NUMBER(5,0);
update sportitem set ordernum = 0;

--- 20111101 sportitem 增加1个字段 popularIndex流行指数
alter table sportitem add popularIndex NUMBER(3);
update sportitem set popularIndex = 3;

--- 20111121 SPORT_PROFILE 增加1个字段 SORTNUM排序
alter table SPORT_PROFILE add SORTNUM NUMBER(6) default 0  not null;

--- 20111122 DISCOUNTINFO 增加1个字段 TITLE
alter table DISCOUNTINFO add TITLE VARCHAR2(60) ;

--- 20111130 gewacommend 增加1个字段 countycode
alter table gewacommend add countycode VARCHAR2(6);

--- 20111207 memberinfo 当UPDATESIGNTIME 非空时，UPDATEHEADTIME:=UPDATESIGNTIME;当UPDATESIGNTIME为空时，UPDATEHEADTIME:=sysdate;
update webdata.memberinfo set UPDATEHEADTIME = sysdate where UPDATEHEADTIME is null;

--- 20111208 PHONEPUSH 增加3个字段 apptype,starttime,endtime
alter table PHONEPUSH add apptype VARCHAR2(20);
alter table PHONEPUSH add starttime TIMESTAMP;
alter table PHONEPUSH add endtime TIMESTAMP;

--- 20111215 sportprice 添加一个排序字段ordernum
alter table sportprice add ordernum NUMBER(5) default 0 not null; 

--- 20111227 memberinfo与member表数据同步nickname,inviteid,headpic
update memberinfo mi set nickname = (select nickname from member m where mi.recordid = m.recordid) where nickname is null;
update memberinfo mi set inviteid = (select inviteid from member m where mi.recordid = m.recordid) where inviteid is null;

--- 20120109 更新客户端统计表apptype
update appsourcecount set apptype = 'cinema' where apptype is null;

--- 20120425 物品添加大图 biglogo
alter table GOODS add BIGLOGO VARCHAR2(100);